{
  "究极pipeline": [
    [
      0.5928571428571429,
      0.759047619047619,
      0.8514285714285716,
      0.509090909090909
    ],
    [
      0.0,
      0.6721212121212121,
      0.56,
      0.5383333333333333
    ],
    [
      0.5957575757575757,
      0.6295238095238095,
      0.582857142857143,
      0.6657142857142857
    ]
  ],
  "config": [
    [
      0.6987878787878788,
      0.8511111111111112,
      0.7383333333333334,
      0.5330952380952381
    ],
    [
      0.7861111111111111,
      0.6847619047619047,
      0.5876190476190477,
      0.5433333333333333
    ],
    [
      0.6801587301587302,
      0.7566666666666666,
      0.7277777777777777,
      0.6007936507936508
    ]
  ]
}